Query,Rank,Term,Pinyin Match,In Notes,Unigram Count,Hamming,Is Substring,Is Relevant
佛成道日,1,佛臘日,0,0,2,3,0,0
佛成道日,2,佛光青年干部成长营,0,0,2,8,0,0
佛成道日,3,释迦牟尼佛成道日,0,0,4,8,1,1
佛成道日,4,佛光道場,0,0,2,2,0,0
佛成道日,5,佛腊日,0,0,2,3,0,0
佛成道日,6,佛七圆满日,0,0,2,4,0,0
佛成道日,7,寶悉地成佛陀羅尼經,0,0,2,9,0,0
佛成道日,8,發菩提心，成就佛道,0,0,3,9,0,0
佛成道日,9,日本佛教大藏经,0,0,2,7,0,0
佛成道日,10,立地成佛,0,0,2,4,0,0
牧羊女乳糜供佛,1,佛說摩鄧女經,0,0,2,7,0,0
牧羊女乳糜供佛,2,佛说月上女经,0,0,2,7,0,0
牧羊女乳糜供佛,3,佛說無垢賢女經,0,0,2,7,0,0
牧羊女乳糜供佛,4,佛说梵志女首意经,0,0,2,8,0,0
牧羊女乳糜供佛,5,乳糜瀉,0,0,2,7,0,0
牧羊女乳糜供佛,6,佛說乳光佛經,0,0,2,7,0,0
牧羊女乳糜供佛,7,佛說穰麌梨童女經,0,0,2,8,0,0
牧羊女乳糜供佛,8,佛说妙慧童女经,0,0,2,7,0,0
牧羊女乳糜供佛,9,牧女献乳糜,0,0,4,4,0,0
牧羊女乳糜供佛,10,佛说玉耶女经,0,0,2,7,0,0
供佛饗眾,1,佛说八吉祥神呪经,0,0,1,8,0,0
供佛饗眾,2,佛光道場,0,0,1,4,0,0
供佛饗眾,3,日本佛教大藏经,0,0,1,7,0,0
供佛饗眾,4,頻毘娑羅王詣佛供養經,0,0,2,10,0,0
供佛饗眾,5,法佛,0,0,1,3,0,0
供佛饗眾,6,梵眾天處,0,0,1,4,0,0
供佛饗眾,7,净土佛摄受经,0,0,1,6,0,0
供佛饗眾,8,佛说诸行有为经,0,0,1,7,0,0
供佛饗眾,9,佛光山好苗子培養計畫,0,0,1,10,0,0
供佛饗眾,10,佛號,0,0,1,4,0,0
諸果,1,果膠,0,0,1,2,0,0
諸果,2,颖果,0,0,1,1,0,0
諸果,3,諸柘,0,0,1,1,0,0
諸果,4,大乘隨轉宣說諸法經,0,0,1,9,0,0
諸果,5,業果,0,0,1,1,0,0
諸果,6,諸佛心陀羅尼經,0,0,1,6,0,0
諸果,7,取果,0,0,1,1,0,0
諸果,8,红果,0,0,1,1,0,0
諸果,9,諸軍,0,0,1,1,0,0
諸果,10,修成正果,0,0,1,4,0,0
消災保平安,1,平安時代,0,0,2,5,0,0
消災保平安,2,平安灯法会,0,0,2,5,0,0
消災保平安,3,消費者保護,0,0,2,4,0,0
消災保平安,4,国内安全保卫局,0,0,2,7,0,0
消災保平安,5,保安人员,0,0,2,5,0,0
消災保平安,6,平安县,0,0,2,5,0,0
消災保平安,7,保安自動化,0,0,2,5,0,0
消災保平安,8,安平县,0,0,2,5,0,0
消災保平安,9,安平縣,0,0,2,5,0,0
消災保平安,10,平民保民官,0,0,2,4,0,0
相沿至今,1,酒至半酣,0,0,1,4,0,0
相沿至今,2,季相,0,0,1,4,0,0
相沿至今,3,世代相傳,0,0,1,4,0,0
相沿至今,4,破相宗,0,0,1,4,0,0
相沿至今,5,沿線,0,0,1,4,0,0
相沿至今,6,不打不相识,0,0,1,5,0,0
相沿至今,7,至顺,0,0,1,4,0,0
相沿至今,8,相簿,0,0,1,3,0,0
相沿至今,9,箭锋相拄,0,0,1,4,0,0
相沿至今,10,马有三相经,0,0,1,5,0,0
防疫步驟,1,步骑,0,0,1,4,0,0
防疫步驟,2,防心离过，不生瞋爱,0,0,1,8,0,0
防疫步驟,3,寸步难行,0,0,1,4,0,0
防疫步驟,4,防卫过当,0,0,1,3,0,0
防疫步驟,5,分步驟,0,0,2,4,0,0
防疫步驟,6,跑步,0,0,1,4,0,0
防疫步驟,7,进步主义,0,0,1,4,0,0
防疫步驟,8,步步高陞,0,0,1,4,0,0
防疫步驟,9,儉以防匱,0,0,1,4,0,0
防疫步驟,10,防毒面罩,0,0,1,3,0,0
四聖十哲,1,四十里水,0,0,2,5,0,0
四聖十哲,2,四十八大願,0,0,2,5,0,0
四聖十哲,3,四十六,0,0,2,5,0,0
四聖十哲,4,佛说四十二章经,0,0,2,6,0,0
四聖十哲,5,轩辕十四,0,0,2,5,0,0
四聖十哲,6,二十四诗品,0,0,2,5,0,0
四聖十哲,7,十四行诗,0,0,2,4,0,0
四聖十哲,8,四明十義書,0,0,2,5,0,0
四聖十哲,9,注四十二章经,0,0,2,5,0,0
四聖十哲,10,二十四孝,0,0,2,5,0,0
四聖十哲,1,四十一,0,0,2,5,0,0
四聖十哲,2,四十二,0,0,2,5,0,0
四聖十哲,3,四十二章經,0,0,2,5,0,0
四聖十哲,4,二十四孝,0,0,2,5,0,0
四聖十哲,5,佛说四十二章经,0,0,2,6,0,0
四聖十哲,6,二十四節氣,0,0,2,5,0,0
四聖十哲,7,钦定二十四史,0,0,2,5,0,0
四聖十哲,8,第十四,0,0,2,5,0,0
四聖十哲,9,七十四,0,0,2,5,0,0
四聖十哲,10,文殊問經字母品第十四,0,0,2,10,0,0
賢聖,1,聖子,0,0,1,3,0,0
賢聖,2,贤乘,1,0,0,3,0,0
賢聖,3,賢聖集伽陀一百頌,0,0,2,8,0,0
賢聖,4,聖種,0,0,1,3,0,0
賢聖,5,大方廣普賢所說經,0,0,1,8,0,0
賢聖,6,线绳,1,0,0,3,0,0
賢聖,7,普賢菩薩,0,0,1,3,0,0
賢聖,8,聖馬利諾,0,0,1,4,0,0
賢聖,9,刂,0,0,1,3,0,0
賢聖,10,賢愚不分,0,0,1,4,0,0
賢聖,1,聖賢孔子鳥,0,0,2,4,0,0
賢聖,2,刂,0,0,1,3,0,0
賢聖,3,险胜,1,0,0,3,0,0
賢聖,4,彌勒佛聖誕,0,0,1,5,0,0
賢聖,5,聖馬利諾,0,0,1,4,0,0
賢聖,6,聖果,0,0,1,3,0,0
賢聖,7,觀音菩薩聖誕,0,0,1,6,0,0
賢聖,8,引賢自近,0,0,1,3,0,0
賢聖,9,普賢菩薩行願讚,0,0,1,6,0,0
賢聖,10,佛說聖多羅菩薩經,0,0,1,7,0,0
鄧尉山聖恩寺志,1,常山寺,0,0,2,8,0,0
鄧尉山聖恩寺志,2,六合山寺,0,0,2,8,0,0
鄧尉山聖恩寺志,3,夾山寺,0,0,2,8,0,0
鄧尉山聖恩寺志,4,中国佛寺史志汇刊,0,0,2,8,0,0
鄧尉山聖恩寺志,5,台湾灵巖山寺,0,0,2,8,0,0
鄧尉山聖恩寺志,6,廬山西寺,0,0,2,8,0,0
鄧尉山聖恩寺志,7,中國佛寺史志彙刊,0,0,2,8,0,0
鄧尉山聖恩寺志,8,蘇提普山舍利寺,0,0,2,6,0,0
鄧尉山聖恩寺志,9,龍山大寺,0,0,2,8,0,0
鄧尉山聖恩寺志,10,天柱山寺,0,0,2,8,0,0
鄧尉山聖恩寺志,1,报恩寺,0,0,2,8,0,0
鄧尉山聖恩寺志,2,報恩寺,0,0,2,8,0,0
鄧尉山聖恩寺志,3,中国佛寺志叢刊,0,0,2,8,0,0
鄧尉山聖恩寺志,4,天柱山寺,0,0,2,8,0,0
鄧尉山聖恩寺志,5,資聖寺,0,0,2,8,0,0
鄧尉山聖恩寺志,6,靈山聖境,0,0,2,8,0,0
鄧尉山聖恩寺志,7,報恩寺版,0,0,2,8,0,0
鄧尉山聖恩寺志,8,廬山西寺,0,0,2,8,0,0
鄧尉山聖恩寺志,9,石山本愿寺,0,0,2,8,0,0
鄧尉山聖恩寺志,10,寿山寺,0,0,2,8,0,0
鄧尉山聖恩寺志,1,靈巖山寺,0,0,2,8,0,0
鄧尉山聖恩寺志,2,無畏山寺,0,0,2,8,0,0
鄧尉山聖恩寺志,3,台灣靈巖山寺,0,0,2,8,0,0
鄧尉山聖恩寺志,4,天柱山寺,0,0,2,8,0,0
鄧尉山聖恩寺志,5,夹山寺,0,0,2,8,0,0
鄧尉山聖恩寺志,6,报恩寺,0,0,2,8,0,0
鄧尉山聖恩寺志,7,慈恩寺,0,0,2,8,0,0
鄧尉山聖恩寺志,8,高雄觀音山大覺寺,0,0,2,8,0,0
鄧尉山聖恩寺志,9,中国佛寺志丛刊,0,0,2,8,0,0
鄧尉山聖恩寺志,10,庐山寺,0,0,2,8,0,0
三句,1,三观,0,0,1,3,0,0
三句,2,九十三,0,0,1,3,0,0
三句,3,圓融三觀,0,0,1,4,0,0
三句,4,金剛三昧,0,0,1,4,0,0
三句,5,入三摩地,0,0,1,3,0,0
三句,6,三分之一,0,0,1,4,0,0
三句,7,撰集三藏及杂藏传,0,0,1,8,0,0
三句,8,句芒,0,0,1,3,0,0
三句,9,觅句,0,0,1,3,0,0
三句,10,百年佛緣 5：道場篇,0,0,1,10,0,0
三句階段,1,三句话不离本行,0,0,2,7,0,0
三句階段,2,無產階級,0,0,1,5,0,0
三句階段,3,不孝有三，無後為大,0,0,1,9,0,0
三句階段,4,無相三昧,0,0,1,5,0,0
三句階段,5,能动三界救度,0,0,1,6,0,0
三句階段,6,三坟,0,0,1,5,0,0
三句階段,7,反問句,0,0,1,4,0,0
三句階段,8,新階段,0,0,2,5,0,0
三句階段,9,三段論,0,0,2,5,0,0
三句階段,10,倒裝句,0,0,1,4,0,0
沙彌十慧章句,1,五苦章句經,0,0,2,7,0,0
沙彌十慧章句,2,沙彌十戒儀則經,0,0,3,7,0,0
沙彌十慧章句,3,中庸章句,0,0,2,7,0,0
沙彌十慧章句,4,沙彌學園,0,0,2,7,0,0
沙彌十慧章句,5,楚辞章句,0,0,2,7,0,0
沙彌十慧章句,6,大學章句,0,0,2,7,0,0
沙彌十慧章句,7,四書章句集注,0,0,2,7,0,0
沙彌十慧章句,8,寻章摘句,0,0,2,7,0,0
沙彌十慧章句,9,沙彌尼戒經,0,0,2,7,0,0
沙彌十慧章句,10,彌沙塞羯磨本,0,0,2,6,0,0
沙彌十慧章句,1,注四十二章经,0,0,2,7,0,0
沙彌十慧章句,2,曲直向前 福慧双全,0,0,2,9,0,0
沙彌十慧章句,3,胜宗十句义论,0,0,2,7,0,0
沙彌十慧章句,4,彌沙塞部,0,0,2,6,0,0
沙彌十慧章句,5,十住毘婆沙論,0,0,2,7,0,0
沙彌十慧章句,6,尋章摘句,0,0,2,7,0,0
沙彌十慧章句,7,大學章句,0,0,2,7,0,0
沙彌十慧章句,8,沙彌尼離戒文,0,0,2,7,0,0
沙彌十慧章句,9,大学章句,0,0,2,7,0,0
沙彌十慧章句,10,四十二章经,0,0,2,7,0,0
活句死句,1,死活不顧,0,0,2,4,0,0
活句死句,2,欲仙欲死,0,0,1,4,0,0
活句死句,3,針線活,0,0,1,5,0,0
活句死句,4,条件句,0,0,1,4,0,0
活句死句,5,死活不顾,0,0,2,4,0,0
活句死句,6,要死要活,0,0,2,5,0,0
活句死句,7,書香生活,0,0,1,5,0,0
活句死句,8,问句,0,0,1,5,0,0
活句死句,9,人間生活禪,0,0,1,5,0,0
活句死句,10,千生万死,0,0,1,4,0,0
信众摩顶,1,婆啰吸摩补罗国,0,0,1,7,0,0
信众摩顶,2,云众水众,0,0,1,3,0,0
信众摩顶,3,融入众中,0,0,1,4,0,0
信众摩顶,4,能信,0,0,1,4,0,0
信众摩顶,5,众事分阿毗达达磨论,0,0,1,9,0,0
信众摩顶,6,众许摩诃帝经,0,0,2,5,0,0
信众摩顶,7,陽信,0,0,1,4,0,0
信众摩顶,8,众说纷揉,0,0,1,4,0,0
信众摩顶,9,大佛顶大陀罗尼,0,0,1,7,0,0
信众摩顶,10,僧信二众,0,0,2,4,0,0
随喜您,1,欢喜自在,0,0,1,3,0,0
随喜您,2,随分觉,0,0,1,2,0,0
随喜您,3,喜跃,0,0,1,3,0,0
随喜您,4,大喜过望,0,0,1,3,0,0
随喜您,5,喜帐,0,0,1,3,0,0
随喜您,6,随法行,0,0,1,2,0,0
随喜您,7,随喜功德品,0,0,2,3,0,0
随喜您,8,随手,0,0,1,2,0,0
随喜您,9,随逐,0,0,1,2,0,0
随喜您,10,恭喜,0,0,1,2,0,0
师法友团队,1,太虚法师,0,0,2,5,0,0
师法友团队,2,团队精神,0,0,2,5,0,0
师法友团队,3,记主法师,0,0,2,5,0,0
师法友团队,4,文殊师利耶曼德迦呪法,0,0,2,10,0,0
师法友团队,5,六祖大师法宝坛经,0,0,2,8,0,0
师法友团队,6,斌宗法师,0,0,2,5,0,0
师法友团队,7,药师法会,0,0,2,5,0,0
师法友团队,8,印光法师,0,0,2,5,0,0
师法友团队,9,印顺法师,0,0,2,5,0,0
师法友团队,10,队友,0,0,2,5,0,0
师法友团队,1,伝灯大法师,0,0,2,5,0,0
师法友团队,2,香象法师,0,0,2,5,0,0
师法友团队,3,慈惠法师,0,0,2,5,0,0
师法友团队,4,事师法五十颂,0,0,2,6,0,0
师法友团队,5,三藏法师义净,0,0,2,6,0,0
师法友团队,6,财团法人,0,0,2,5,0,0
师法友团队,7,友爱服务队,0,0,2,4,0,0
师法友团队,8,团队精神,0,0,2,5,0,0
师法友团队,9,印顺法师,0,0,2,5,0,0
师法友团队,10,六祖大师法宝坛经,0,0,2,8,0,0
师法友团队,1,传灯大法师,0,0,2,5,0,0
师法友团队,2,五会法师,0,0,2,5,0,0
师法友团队,3,法师功德品,0,0,2,5,0,0
师法友团队,4,鸠摩罗什法师大义,0,0,2,8,0,0
师法友团队,5,斌宗法师遗集,0,0,2,6,0,0
师法友团队,6,三藏法师,0,0,2,5,0,0
师法友团队,7,三分师徒，七分道友,0,0,2,9,0,0
师法友团队,8,团队精神,0,0,2,5,0,0
师法友团队,9,事师法五十颂释,0,0,2,7,0,0
师法友团队,10,德慧法师,0,0,2,5,0,0
师法友,1,药师法会,0,0,2,4,0,0
师法友,2,三藏法师义净,0,0,2,6,0,0
师法友,3,法师,0,0,2,3,0,0
师法友,4,德慧法师,0,0,2,4,0,0
师法友,5,证严法师,0,0,2,4,0,0
师法友,6,致护法朋友的一封信,0,0,2,9,0,0
师法友,7,斌宗法师遗集,0,0,2,6,0,0
师法友,8,良师益友,0,0,2,4,0,0
师法友,9,印光法师,0,0,2,4,0,0
师法友,10,文殊师利耶曼德迦呪法,0,0,2,10,0,0
师法友,1,太虚法师,0,0,2,4,0,0
师法友,2,慈惠法师,0,0,2,4,0,0
师法友,3,事师法五十颂释,0,0,2,7,0,0
师法友,4,文殊师利耶曼德迦呪法,0,0,2,10,0,0
师法友,5,药师经与其修行法门,0,0,2,9,0,0
师法友,6,鸠摩罗什法师大义,0,0,2,8,0,0
师法友,7,香象法师,0,0,2,4,0,0
师法友,8,传灯大法师,0,0,2,5,0,0
师法友,9,惡師友,0,0,1,2,0,0
师法友,10,师宗县,0,0,1,2,0,0
拉拔,1,馬拉巴爾,0,0,1,4,0,0
拉拔,2,富拉尔基区,0,0,1,5,0,0
拉拔,3,拔秧,0,0,1,2,0,0
拉拔,4,拉场子,0,0,1,2,0,0
拉拔,5,東拉西扯,0,0,1,4,0,0
拉拔,6,拉鲁,0,0,1,1,0,0
拉拔,7,拉制,0,0,1,1,0,0
拉拔,8,拉菲草,0,0,1,2,0,0
拉拔,9,抽釘拔楔,0,0,1,4,0,0
拉拔,10,堤拉米苏,0,0,1,4,0,0
拉拔,1,雅拉雪山,0,0,1,4,0,0
拉拔,2,堤拉米苏,0,0,1,4,0,0
拉拔,3,拔秧,0,0,1,2,0,0
拉拔,4,新柏拉图主义,0,0,1,6,0,0
拉拔,5,達拉特,0,0,1,3,0,0
拉拔,6,拔宅上昇,0,0,1,4,0,0
拉拔,7,拔毛連茹,0,0,1,4,0,0
拉拔,8,拉制,0,0,1,1,0,0
拉拔,9,拉场子,0,0,1,2,0,0
拉拔,10,拉菲草,0,0,1,2,0,0
生門,1,心生滅門,0,0,2,4,0,0
生門,2,我一生弘法的心路歷程,0,0,1,10,0,0
生門,3,留學生,0,0,1,3,0,0
生門,4,形態發生素,0,0,1,5,0,0
生門,5,龍門刨,0,0,1,2,0,0
生門,6,生命延續,0,0,1,3,0,0
生門,7,声门,1,0,0,2,0,0
生門,8,得意門生,0,0,2,4,0,0
生門,9,往生淨土決疑行願二門,0,0,2,10,0,0
生門,10,羅生門,0,0,2,3,1,1
即此,1,非此即彼,0,0,2,3,0,0
即此,2,诸如此类,0,0,1,4,0,0
即此,3,因如此,0,0,1,3,0,0
即此,4,此岸,0,0,1,2,0,0
即此,5,岂有此理,0,0,1,4,0,0
即此,6,即将,0,0,1,1,0,0
即此,7,彼一时此一时,0,0,1,6,0,0
即此,8,当断即断,0,0,1,4,0,0
即此,9,疾病即是良藥,0,0,1,6,0,0
即此,10,即興之作,0,0,1,3,0,0
相反而言,1,反脣相稽,0,0,2,4,0,0
相反而言,2,比较而言,0,0,2,2,0,0
相反而言,3,簡而言之,0,0,2,4,0,0
相反而言,4,反唇相讥,0,0,2,4,0,0
相反而言,5,一概而言,0,0,2,2,0,0
相反而言,6,换而言之,0,0,2,4,0,0
相反而言,7,聽其言而觀其行,0,0,2,7,0,0
相反而言,8,言行相诡,0,0,2,4,0,0
相反而言,9,反脣而相稽,0,0,3,4,0,0
相反而言,10,離言說相,0,0,2,4,0,0
朗加三世,1,三世間,0,0,2,5,0,0
朗加三世,2,第三世達賴喇嘛,0,0,2,7,0,0
朗加三世,3,如幻三昧经,0,0,1,5,0,0
朗加三世,4,阇耶跋摩七世,0,0,1,6,0,0
朗加三世,5,聰明一世，糊塗一時,0,0,1,9,0,0
朗加三世,6,貝瑪諾三世,0,0,2,3,0,0
朗加三世,7,第三世界,0,0,2,5,0,0
朗加三世,8,歷代三寶紀,0,0,1,5,0,0
朗加三世,9,三世佛,0,0,2,5,0,0
朗加三世,10,十方三世,0,0,2,5,0,0
大智度論,1,无量寿大智陀罗尼,0,0,2,8,0,0
大智度論,2,大智度論疏,0,0,2,3,0,0
大智度論,3,大威德金剛,0,0,1,4,0,0
大智度論,4,大吉嶺,0,0,1,3,0,0
大智度論,5,大澤鄉,0,0,1,3,0,0
大智度論,6,大生義經,0,0,1,3,0,0
大智度論,7,智者大师,0,0,2,4,0,0
大智度論,8,佛說大乘智印經,0,0,2,7,0,0
大智度論,9,大智释论,0,0,2,2,0,0
大智度論,10,不可思议大智慧,0,0,2,7,0,0
十六特勝,1,十六位元,0,0,2,2,0,0
十六特勝,2,十六国,0,0,2,2,0,0
十六特勝,3,游心法海六十年,0,0,2,7,0,0
十六特勝,4,六十九,0,0,2,4,0,0
十六特勝,5,十六觀,0,0,2,2,0,0
十六特勝,6,大雲經請雨品第六十四,0,0,2,10,0,0
十六特勝,7,十六觀經,0,0,2,2,0,0
十六特勝,8,六十八,0,0,2,4,0,0
十六特勝,9,幽雲十六州,0,0,2,5,0,0
十六特勝,10,六十七,0,0,2,4,0,0
十六勝行,1,三百六十会,0,0,2,5,0,0
十六勝行,2,卷第十六,0,0,2,4,0,0
十六勝行,3,菩薩行五十緣身經,0,0,2,8,0,0
十六勝行,4,六十九,0,0,2,4,0,0
十六勝行,5,游心法海六十年,0,0,2,7,0,0
十六勝行,6,贤劫十六尊,0,0,2,5,0,0
十六勝行,7,十六行觀,0,0,3,2,0,0
十六勝行,8,十六行观,0,0,3,2,0,0
十六勝行,9,四諦十六行相,0,0,3,6,0,0
十六勝行,10,十二誓行,0,0,2,2,0,0
佛陀成道,1,後出阿彌陀佛偈,0,0,2,7,0,0
佛陀成道,2,人成佛成,0,0,2,4,0,0
佛陀成道,3,成佛大道,0,0,3,3,0,0
佛陀成道,4,佛说六道伽陀经,0,0,3,5,0,0
佛陀成道,5,佛陀沙旺寺,0,0,2,3,0,0
佛陀成道,6,立地成佛,0,0,2,3,0,0
佛陀成道,7,三佛陀,0,0,2,4,0,0
佛陀成道,8,佛陀波利,0,0,2,2,0,0
佛陀成道,9,阿彌陀佛,0,0,2,4,0,0
佛陀成道,10,佛頂尊勝陀羅尼注義,0,0,2,8,0,0
佛祖會,1,德國佛教傳道會,0,0,2,7,0,0
佛祖會,2,念佛會,0,0,2,2,0,0
佛祖會,3,國定佛誕節浴佛大會,0,0,2,9,0,0
佛祖會,4,人間佛教座談會,0,0,2,7,0,0
佛祖會,5,世界顯密佛教會議,0,0,2,8,0,0
佛祖會,6,世界佛光童軍大會,0,0,2,8,0,0
佛祖會,7,恭送佛指舍利法會,0,0,2,8,0,0
佛祖會,8,佛祖巡境全民平安,0,0,2,6,0,0
佛祖會,9,呵佛骂祖,0,0,2,4,0,0
佛祖會,10,上海佛教協會,0,0,2,6,0,0
化宮殿,1,子宮內避孕器,0,0,1,5,0,0
化宮殿,2,生物化學,0,0,1,4,0,0
化宮殿,3,新化县,0,0,1,3,0,0
化宮殿,4,車宮,0,0,1,2,0,0
化宮殿,5,化佛,0,0,1,2,0,0
化宮殿,6,罗马化,0,0,1,3,0,0
化宮殿,7,化學符號,0,0,1,3,0,0
化宮殿,8,宮縮,0,0,1,3,0,0
化宮殿,9,国产化,0,0,1,3,0,0
化宮殿,10,人間化,0,0,1,3,0,0
佛祖會,1,恭送佛指舍利法會,0,0,2,8,0,0
佛祖會,2,世界佛光青年大會,0,0,2,8,0,0
佛祖會,3,國定佛誕節浴佛大會,0,0,2,9,0,0
佛祖會,4,呵佛罵祖,0,0,2,4,0,0
佛祖會,5,佛像開光法會,0,0,2,5,0,0
佛祖會,6,念佛會,0,0,2,2,0,0
佛祖會,7,佛祖統紀,0,0,2,2,0,0
佛祖會,8,世界顯密佛教會議,0,0,2,8,0,0
佛祖會,9,國際佛光會世界總會,0,0,2,9,0,0
佛祖會,10,杀祖杀佛,0,0,2,3,0,0
佛祖會,1,佛光會宗旨,0,0,2,3,0,0
佛祖會,2,佛光山國際平安燈會,0,0,2,8,0,0
佛祖會,3,電子佛典推進協議會,0,0,2,9,0,0
佛祖會,4,呵佛骂祖,0,0,2,4,0,0
佛祖會,5,佛光會,0,0,2,1,0,0
佛祖會,6,佛七法會,0,0,2,3,0,0
佛祖會,7,祖國光復會,0,0,2,5,0,0
佛祖會,8,佛祖統紀,0,0,2,2,0,0
佛祖會,9,圓滿七佛事法會,0,0,2,7,0,0
佛祖會,10,國際佛光會世界總會,0,0,2,9,0,0
佛祖會,1,中華佛教青年會,0,0,2,7,0,0
佛祖會,2,中華電子佛典協會,0,0,2,8,0,0
佛祖會,3,國際佛教青年會議,0,0,2,8,0,0
佛祖會,4,念佛會,0,0,2,2,0,0
佛祖會,5,念佛祈福超薦法會,0,0,2,8,0,0
佛祖會,6,世界顯密佛教會議,0,0,2,8,0,0
佛祖會,7,佛教音樂學術研討會,0,0,2,8,0,0
佛祖會,8,佛光山春節平安燈會,0,0,2,8,0,0
佛祖會,9,國定佛誕節浴佛大會,0,0,2,9,0,0
佛祖會,10,中日佛教促進會,0,0,2,7,0,0
佛祖會,1,佛化新青年會,0,0,2,5,0,0
佛祖會,2,祖國光復會,0,0,2,5,0,0
佛祖會,3,世界顯密佛教會議,0,0,2,8,0,0
佛祖會,4,梵音海潮音佛教音樂會,0,0,2,10,0,0
佛祖會,5,德國佛教傳道會,0,0,2,7,0,0
佛祖會,6,佛祖历代通载,0,0,2,4,0,0
佛祖會,7,國際佛教青年會議,0,0,2,8,0,0
佛祖會,8,佛像開光法會,0,0,2,5,0,0
佛祖會,9,佛光會,0,0,2,1,0,0
佛祖會,10,國際佛教學術會議,0,0,2,8,0,0
佛祖會,1,佛教協進會,0,0,2,4,0,0
佛祖會,2,國定佛誕節浴佛大會,0,0,2,9,0,0
佛祖會,3,中日佛教促進會,0,0,2,7,0,0
佛祖會,4,人間佛教座談會,0,0,2,7,0,0
佛祖會,5,國際佛教會議,0,0,2,6,0,0
佛祖會,6,中國佛學會,0,0,2,5,0,0
佛祖會,7,電子佛典推進協議會,0,0,2,9,0,0
佛祖會,8,國際佛教青年會議,0,0,2,8,0,0
佛祖會,9,佛像開光法會,0,0,2,5,0,0
佛祖會,10,國際佛光會,0,0,2,5,0,0
雜生世界,1,世界遺產名錄,0,0,2,6,0,0
雜生世界,2,世界銀行,0,0,2,5,0,0
雜生世界,3,物慾世界,0,0,2,5,0,0
雜生世界,4,世界佛教青年友誼大會,0,0,2,10,0,0
雜生世界,5,无边世界,0,0,2,5,0,0
雜生世界,6,世界环境日,0,0,2,5,0,0
雜生世界,7,尽十方世界,0,0,2,3,0,0
雜生世界,8,十方無量世界,0,0,2,6,0,0
雜生世界,9,世界環境日,0,0,2,5,0,0
雜生世界,10,國際佛光會世界總會,0,0,2,9,0,0
世界四持,1,与全世界为敌,0,0,2,6,0,0
世界四持,2,國際佛光會世界總會,0,0,2,9,0,0
世界四持,3,物欲世界,0,0,2,4,0,0
世界四持,4,祈求世界和平活動,0,0,2,8,0,0
世界四持,5,华人世界,0,0,2,4,0,0
世界四持,6,世界银行,0,0,2,2,0,0
世界四持,7,世界變暖,0,0,2,2,0,0
世界四持,8,祈求世界和平活动,0,0,2,8,0,0
世界四持,9,極樂世界,0,0,2,4,0,0
世界四持,10,安養世界,0,0,2,4,0,0
鴦掘利摩羅,1,鴦窶利摩羅,0,0,4,1,0,0
鴦掘利摩羅,2,亞摩利,0,0,2,4,0,0
鴦掘利摩羅,3,毘摩罗诘利帝,0,0,2,6,0,0
鴦掘利摩羅,4,摩訶般若波羅蜜經,0,0,2,8,0,0
鴦掘利摩羅,5,央掘魔羅,0,0,2,4,0,0
鴦掘利摩羅,6,摩醯首羅,0,0,2,5,0,0
鴦掘利摩羅,7,卑摩羅叉,0,0,2,5,0,0
鴦掘利摩羅,8,苏利耶跋摩二世,0,0,2,7,0,0
鴦掘利摩羅,9,羅摩,0,0,2,5,0,0
鴦掘利摩羅,10,菴摩羅,0,0,2,5,0,0
雪竇參透這公案,1,參閱,0,0,1,7,0,0
雪竇參透這公案,2,彎月形透鏡,0,0,1,6,0,0
雪竇參透這公案,3,雪克,0,0,1,6,0,0
雪竇參透這公案,4,公正,0,0,1,7,0,0
雪竇參透這公案,5,大公報,0,0,1,7,0,0
雪竇參透這公案,6,百則公案,0,0,2,7,0,0
雪竇參透這公案,7,雪竇重顯,0,0,2,5,0,0
雪竇參透這公案,8,魯宣公,0,0,1,7,0,0
雪竇參透這公案,9,檔案夾,0,0,1,7,0,0
雪竇參透這公案,10,這種,0,0,1,7,0,0
於節角聱訛處,1,節電,0,0,1,6,0,0
於節角聱訛處,2,多音節詞,0,0,1,6,0,0
於節角聱訛處,3,用處,0,0,1,6,0,0
於節角聱訛處,4,恰到好處,0,0,1,6,0,0
於節角聱訛處,5,牛角椒,0,0,1,6,0,0
於節角聱訛處,6,問道於盲,0,0,1,6,0,0
於節角聱訛處,7,在阿蘭若處,0,0,1,6,0,0
於節角聱訛處,8,卑躬屈節,0,0,1,6,0,0
於節角聱訛處,9,安於所遇,0,0,1,6,0,0
於節角聱訛處,10,宿處,0,0,1,6,0,0
撮來頌出,1,层出不穷,0,0,1,4,0,0
撮來頌出,2,离家出走,0,0,1,4,0,0
撮來頌出,3,前出师表,0,0,1,4,0,0
撮來頌出,4,迎面而來,0,0,1,4,0,0
撮來頌出,5,出錢,0,0,1,4,0,0
撮來頌出,6,如來出世間,0,0,2,4,0,0
撮來頌出,7,查不出來,0,0,2,4,0,0
撮來頌出,8,结出,0,0,1,4,0,0
撮來頌出,9,再出現,0,0,1,4,0,0
撮來頌出,10,选出,0,0,1,4,0,0
幾乎嶮墮,1,幾次三番,0,0,1,3,0,0
幾乎嶮墮,2,墮樓,0,0,1,4,0,0
幾乎嶮墮,3,羅氏幾何,0,0,1,4,0,0
幾乎嶮墮,4,幾次,0,0,1,3,0,0
幾乎嶮墮,5,立體幾何,0,0,1,4,0,0
幾乎嶮墮,6,十幾,0,0,1,4,0,0
幾乎嶮墮,7,墮在,0,0,1,4,0,0
幾乎嶮墮,8,投影幾何學,0,0,1,5,0,0
幾乎嶮墮,9,不亦樂乎,0,0,1,4,0,0
幾乎嶮墮,10,肉乎乎,0,0,1,3,0,0
一似李廣天性善射,1,均一性,0,0,2,8,0,0
一似李廣天性善射,2,聖善住意天子所問經,0,0,2,8,0,0
一似李廣天性善射,3,世界和平　天下一家,0,0,2,9,0,0
一似李廣天性善射,4,西方廣目天王,0,0,2,7,0,0
一似李廣天性善射,5,最后一天,0,0,2,8,0,0
一似李廣天性善射,6,放射性烟羽,0,0,2,8,0,0
一似李廣天性善射,7,善現天,0,0,2,8,0,0
一似李廣天性善射,8,放射性,0,0,2,8,0,0
一似李廣天性善射,9,相似性,0,0,2,7,0,0
一似李廣天性善射,10,善现天,0,0,2,8,0,0
天子封為飛騎將軍,1,閻羅天子,0,0,2,8,0,0
天子封為飛騎將軍,2,佛說須真天子經,0,0,2,8,0,0
天子封為飛騎將軍,3,韋天將軍,0,0,3,8,0,0
天子封為飛騎將軍,4,漫天飛舞,0,0,2,8,0,0
天子封為飛騎將軍,5,敗軍之將,0,0,2,8,0,0
天子封為飛騎將軍,6,大自在天子因地經,0,0,2,8,0,0
天子封為飛騎將軍,7,天王太子辟羅經,0,0,2,7,0,0
天子封為飛騎將軍,8,淨居天子會,0,0,2,8,0,0
天子封為飛騎將軍,9,商主天子所问经,0,0,2,8,0,0
天子封為飛騎將軍,10,佛為勝光天子說王法經,0,0,3,10,0,0
深入虜庭,1,地主家庭,0,0,1,3,0,0
深入虜庭,2,入境問俗,0,0,1,4,0,0
深入虜庭,3,飛騎將軍入虜庭,0,0,3,7,0,0
深入虜庭,4,深廣,0,0,1,3,0,0
深入虜庭,5,深謀遠略,0,0,1,3,0,0
深入虜庭,6,进入,0,0,1,3,0,0
深入虜庭,7,深挚,0,0,1,3,0,0
深入虜庭,8,插入語,0,0,1,3,0,0
深入虜庭,9,考入,0,0,1,3,0,0
深入虜庭,10,庭堂,0,0,1,4,0,0
被單于生獲,1,高中學生,0,0,1,4,0,0
被單于生獲,2,老生兒,0,0,1,5,0,0
被單于生獲,3,念佛感应往生记,0,0,1,7,0,0
被單于生獲,4,陷于瘫痪,0,0,1,5,0,0
被單于生獲,5,單細胞生物,0,0,2,4,0,0
被單于生獲,6,微生物學家,0,0,1,5,0,0
被單于生獲,7,親生子女,0,0,1,5,0,0
被單于生獲,8,书生,0,0,1,5,0,0
被單于生獲,9,以利于,0,0,1,4,0,0
被單于生獲,10,一切眾生皆能成佛,0,0,1,7,0,0
廣時傷病,1,平安時代,0,0,1,4,0,0
廣時傷病,2,酉時,0,0,1,3,0,0
廣時傷病,3,原始佛教時期,0,0,1,6,0,0
廣時傷病,4,臨時貸款,0,0,1,3,0,0
廣時傷病,5,切中時病,0,0,2,3,0,0
廣時傷病,6,時教廣場,0,0,2,4,0,0
廣時傷病,7,時嘗病,0,0,2,4,0,0
廣時傷病,8,時態,0,0,1,4,0,0
廣時傷病,9,勞民傷財,0,0,1,3,0,0
廣時傷病,10,廣大心,0,0,1,3,0,0
諸有,1,有害无益,0,0,1,4,0,0
諸有,2,生有权,0,0,1,2,0,0
諸有,3,裝有,0,0,1,1,0,0
諸有,4,濟諸方等學經,0,0,1,6,0,0
諸有,5,振作有为,0,0,1,4,0,0
諸有,6,有友如秤,0,0,1,4,0,0
諸有,7,所有物,0,0,1,2,0,0
諸有,8,佛說大乘流轉諸有經,0,0,2,9,1,1
諸有,9,有一手,0,0,1,3,0,0
諸有,10,成事不足，敗事有餘,0,0,1,9,0,0
置廣兩馬間,1,人間佛教序文選,0,0,1,7,0,0
置廣兩馬間,2,間接選舉,0,0,1,5,0,0
置廣兩馬間,3,阅读装置,0,0,1,5,0,0
置廣兩馬間,4,馬背,0,0,1,5,0,0
置廣兩馬間,5,兩廣總督,0,0,2,4,0,0
置廣兩馬間,6,喜馬拉雅山脈,0,0,1,6,0,0
置廣兩馬間,7,人間佛教研究中心,0,0,1,8,0,0
置廣兩馬間,8,名間,0,0,1,5,0,0
置廣兩馬間,9,兩廣,0,0,2,4,0,0
置廣兩馬間,10,大司馬,0,0,1,5,0,0
絡而盛臥,1,不宣而战,0,0,1,4,0,0
絡而盛臥,2,不治而癒,0,0,1,4,0,0
絡而盛臥,3,臥車,0,0,1,4,0,0
絡而盛臥,4,重足而立,0,0,1,4,0,0
絡而盛臥,5,直道而行,0,0,1,4,0,0
絡而盛臥,6,乘虛而入,0,0,1,4,0,0
絡而盛臥,7,视而不见,0,0,1,3,0,0
絡而盛臥,8,盛妆,0,0,1,4,0,0
絡而盛臥,9,鸣鼓而攻,0,0,1,4,0,0
絡而盛臥,10,良禽择木而栖,0,0,1,6,0,0
廣遂詐死,1,死去活來,0,0,1,4,0,0
廣遂詐死,2,遂昌县,0,0,1,4,0,0
廣遂詐死,3,死而復生,0,0,1,4,0,0
廣遂詐死,4,廣義,0,0,1,3,0,0
廣遂詐死,5,死乞白賴,0,0,1,4,0,0
廣遂詐死,6,乱石砸死,0,0,1,3,0,0
廣遂詐死,7,致死性,0,0,1,4,0,0
廣遂詐死,8,打蛇不死，后患无穷,0,0,1,8,0,0
廣遂詐死,9,该死,0,0,1,4,0,0
廣遂詐死,10,佛說大方廣曼殊室利經,0,0,1,10,0,0
奪其弓矢,1,适得其反,0,0,1,4,0,0
奪其弓矢,2,其余,0,0,1,4,0,0
奪其弓矢,3,不得其门而入,0,0,1,6,0,0
奪其弓矢,4,去其糟粕,0,0,1,3,0,0
奪其弓矢,5,为其名美,0,0,1,3,0,0
奪其弓矢,6,其心不真,0,0,1,4,0,0
奪其弓矢,7,自净其意,0,0,1,4,0,0
奪其弓矢,8,矢量製圖法,0,0,1,5,0,0
奪其弓矢,9,含糊其词,0,0,1,4,0,0
奪其弓矢,10,首当其冲,0,0,1,4,0,0
鞭馬南馳,1,人仰馬翻,0,0,1,4,0,0
鞭馬南馳,2,馬德拉群島,0,0,1,5,0,0
鞭馬南馳,3,南海,0,0,1,4,0,0
鞭馬南馳,4,南锣鼓巷,0,0,1,4,0,0
鞭馬南馳,5,南沙区,0,0,1,4,0,0
鞭馬南馳,6,金馬門,0,0,1,3,0,0
鞭馬南馳,7,馬趴,0,0,1,4,0,0
鞭馬南馳,8,咸鏡南道,0,0,1,3,0,0
鞭馬南馳,9,馬鞭,0,0,2,4,0,0
鞭馬南馳,10,車司馬,0,0,1,4,0,0
彎弓射退追騎,1,退避,0,0,1,6,0,0
彎弓射退追騎,2,功成身退,0,0,1,5,0,0
彎弓射退追騎,3,射影幾何,0,0,1,6,0,0
彎弓射退追騎,4,仿射空间,0,0,1,6,0,0
彎弓射退追騎,5,自动射线摄影,0,0,1,5,0,0
彎弓射退追騎,6,射程,0,0,1,6,0,0
彎弓射退追騎,7,穷寇勿追,0,0,1,6,0,0
彎弓射退追騎,8,騎射,0,0,2,6,0,0
彎弓射退追騎,9,反射區治療,0,0,1,6,0,0
彎弓射退追騎,10,退火,0,0,1,6,0,0
這漢有這般手段,1,般若佛母,0,0,1,7,0,0
這漢有這般手段,2,高压手段,0,0,2,7,0,0
這漢有這般手段,3,非常手段,0,0,2,7,0,0
這漢有這般手段,4,漢文,0,0,1,7,0,0
這漢有這般手段,5,有意識,0,0,1,7,0,0
這漢有這般手段,6,别有,0,0,1,7,0,0
這漢有這般手段,7,漢濱,0,0,1,7,0,0
這漢有這般手段,8,手筆,0,0,1,7,0,0
這漢有這般手段,9,人手動,0,0,1,7,0,0
這漢有這般手段,10,設有,0,0,1,7,0,0
依舊被他跳得出去,1,舊名,0,0,1,8,0,0
依舊被他跳得出去,2,過去,0,0,1,8,0,0
依舊被他跳得出去,3,說得過去,0,0,2,8,0,0
依舊被他跳得出去,4,去得,0,0,2,8,0,0
依舊被他跳得出去,5,舊的不去，新的不來,0,0,2,9,0,0
依舊被他跳得出去,6,豁出去,0,0,2,8,0,0
依舊被他跳得出去,7,來得容易，去得快,0,0,2,8,0,0
依舊被他跳得出去,8,推出,0,0,1,8,0,0
依舊被他跳得出去,9,使不得,0,0,1,8,0,0
依舊被他跳得出去,10,依依墟里煙,0,0,1,7,0,0
方可立地成佛,1,老地方,0,0,2,6,0,0
方可立地成佛,2,地方法院,0,0,2,6,0,0
方可立地成佛,3,大毘卢遮那成佛经疏,0,0,2,9,0,0
方可立地成佛,4,必不可少组成,0,0,2,6,0,0
方可立地成佛,5,地方,0,0,2,6,0,0
方可立地成佛,6,立可白,0,0,2,5,0,0
方可立地成佛,7,公众地方,0,0,2,6,0,0
方可立地成佛,8,大方便佛報恩經,0,0,2,7,0,0
方可立地成佛,9,佛說立世阿毘曇論,0,0,2,7,0,0
方可立地成佛,10,佛教四大聖地,0,0,2,6,0,0
歸仰,1,光榮歸於佛陀,0,0,1,6,0,0
歸仰,2,歸師勿遏,0,0,1,3,0,0
歸仰,3,信仰的真义,0,0,1,4,0,0
歸仰,4,仰光,0,0,1,2,0,0
歸仰,5,歸檔,0,0,1,1,0,0
歸仰,6,秭歸縣,0,0,1,3,0,0
歸仰,7,回歸熱,0,0,1,3,0,0
歸仰,8,眾人敬仰,0,0,1,4,0,0
歸仰,9,仰山插鍬,0,0,1,4,0,0
歸仰,10,歸僑,0,0,1,1,0,0
還相,1,相国,0,0,1,2,0,0
還相,2,相次,0,0,1,2,0,0
還相,3,相中,0,0,1,2,0,0
還相,4,相当于或大于,0,0,1,6,0,0
還相,5,马相如,0,0,1,2,0,0
還相,6,還原真相,0,0,2,3,0,0
還相,7,相对象,0,0,1,3,0,0
還相,8,众生相,0,0,1,3,0,0
還相,9,財相,0,0,1,1,0,0
還相,10,法自相相违因,0,0,1,6,0,0
還相,1,共相,0,0,1,1,0,0
還相,2,相国,0,0,1,2,0,0
還相,3,佛阿毘昙经出家相品,0,0,1,9,0,0
還相,4,相親相愛,0,0,1,4,0,0
還相,5,世間相違,0,0,1,4,0,0
還相,6,大人相,0,0,1,3,0,0
還相,7,两虎相争，必有一伤,0,0,1,9,0,0
還相,8,相罵,0,0,1,2,0,0
還相,9,腹背相亲,0,0,1,4,0,0
還相,10,無相思塵論,0,0,1,4,0,0
孤峯頂上草裏坐,1,鵲巢頂上,0,0,2,5,0,0
孤峯頂上草裏坐,2,独坐大雄峯,0,0,2,7,0,0
孤峯頂上草裏坐,3,草纸,0,0,1,7,0,0
孤峯頂上草裏坐,4,草垫子,0,0,1,7,0,0
孤峯頂上草裏坐,5,孤立语,0,0,1,6,0,0
孤峯頂上草裏坐,6,上班时间,0,0,1,7,0,0
孤峯頂上草裏坐,7,須彌頂上偈讚,0,0,2,5,0,0
孤峯頂上草裏坐,8,妙峯頂,0,0,2,5,0,0
孤峯頂上草裏坐,9,灌頂王喻經,0,0,1,7,0,0
孤峯頂上草裏坐,10,带上门,0,0,1,7,0,0
唱拍相隨,1,相敬如賓,0,0,1,4,0,0
唱拍相隨,2,假戏真唱,0,0,1,4,0,0
唱拍相隨,3,那空拍侬府,0,0,1,5,0,0
唱拍相隨,4,坦诚相见,0,0,1,3,0,0
唱拍相隨,5,相通,0,0,1,4,0,0
唱拍相隨,6,相对湿度,0,0,1,4,0,0
唱拍相隨,7,六相缘起,0,0,1,4,0,0
唱拍相隨,8,相和歌,0,0,1,4,0,0
唱拍相隨,9,隨時隨地,0,0,1,4,0,0
唱拍相隨,10,十相自在,0,0,1,4,0,0
大教網,1,佛教丛书 5：教史,0,0,2,9,0,0
大教網,2,教学大纲,0,0,2,4,0,0
大教網,3,佛教叢書 8：教用,0,0,2,9,0,0
大教網,4,世界宗教领导人大会,0,0,2,9,0,0
大教網,5,日本佛教大學,0,0,2,6,0,0
大教網,6,天台八教大意,0,0,2,6,0,0
大教網,7,佛教叢書 7：儀制,0,0,2,9,0,0
大教網,8,佛教梵唄大全集,0,0,2,7,0,0
大教網,9,妙吉祥最勝根本大教經,0,0,2,10,0,0
大教網,10,佛教丛书 4：弟子,0,0,2,9,0,0
一百則公案,1,一呼百應,0,0,2,4,0,0
一百則公案,2,一般原則,0,0,2,4,0,0
一百則公案,3,有百利而無一弊,0,0,2,6,0,0
一百則公案,4,贤圣集伽陀一百颂,0,0,2,8,0,0
一百則公案,5,百则公案,0,0,3,5,0,0
一百則公案,6,一呼百应,0,0,2,4,0,0
一百則公案,7,有百利而无一害,0,0,2,6,0,0
一百則公案,8,賢聖集伽陀一百頌,0,0,2,8,0,0
一百則公案,9,文殊师利一百八名梵赞,0,0,2,10,0,0
一百則公案,10,有百害而无一利,0,0,2,6,0,0
關閉式,1,启发式,0,0,1,2,0,0
關閉式,2,開閉幕式,0,0,2,3,0,0
關閉式,3,關係式,0,0,2,1,0,0
關閉式,4,司法機關,0,0,1,4,0,0
關閉式,5,可扩展样式语言,0,0,1,7,0,0
關閉式,6,二項式定理,0,0,1,4,0,0
關閉式,7,相同方式分享,0,0,1,6,0,0
關閉式,8,報關,0,0,1,3,0,0
關閉式,9,式诘佛,0,0,1,3,0,0
關閉式,10,钓鱼式攻击,0,0,1,4,0,0
丘井,1,百年佛緣 6：行佛篇,0,0,1,10,0,0
丘井,2,丘腦,0,0,1,3,0,0
丘井,3,华屋丘墟,0,0,1,4,0,0
丘井,4,鹽井鄉,0,0,1,3,0,0
丘井,5,摩訶僧祇比丘尼戒本,0,0,1,9,0,0
丘井,6,佛教叢書 7：儀制,0,0,1,9,0,0
丘井,7,甘井子区,0,0,1,4,0,0
丘井,8,海幢比丘,0,0,1,4,0,0
丘井,9,随缘不变 不变随缘,0,0,1,9,0,0
丘井,10,丘坟,0,0,1,3,0,0
丘井,1,丘腦,0,0,1,3,0,0
丘井,2,鹽井鄉,0,0,1,3,0,0
丘井,3,佛教丛书 1：教理,0,0,1,9,0,0
丘井,4,佛教叢書 6：宗派,0,0,1,9,0,0
丘井,5,阿丘,0,0,1,2,0,0
丘井,6,大愛道比丘尼經,0,0,1,7,0,0
丘井,7,井田制度,0,0,1,4,0,0
丘井,8,投井下石,0,0,1,4,0,0
丘井,9,摩訶僧祇比丘尼戒本,0,0,1,9,0,0
丘井,10,随缘不变 不变随缘,0,0,1,9,0,0
盤礴得熟,1,盤山縣,0,0,1,3,0,0
盤礴得熟,2,不复得路,0,0,1,3,0,0
盤礴得熟,3,打算盤,0,0,1,4,0,0
盤礴得熟,4,逍遙自得,0,0,1,4,0,0
盤礴得熟,5,落得,0,0,1,4,0,0
盤礴得熟,6,看得過兒,0,0,1,4,0,0
盤礴得熟,7,得一望十,0,0,1,4,0,0
盤礴得熟,8,得便宜卖乖,0,0,1,5,0,0
盤礴得熟,9,咎有應得,0,0,1,4,0,0
盤礴得熟,10,朅盤陀國,0,0,1,4,0,0
龍蛇易辨,1,畫蛇添足,0,0,1,3,0,0
龍蛇易辨,2,龍陽君,0,0,1,3,0,0
龍蛇易辨,3,证券交易所,0,0,1,5,0,0
龍蛇易辨,4,辨别力,0,0,1,4,0,0
龍蛇易辨,5,交易会,0,0,1,4,0,0
龍蛇易辨,6,易接近,0,0,1,4,0,0
龍蛇易辨,7,龍車,0,0,1,3,0,0
龍蛇易辨,8,水龍,0,0,1,4,0,0
龍蛇易辨,9,蛇龍珠,0,0,2,4,0,0
龍蛇易辨,10,龍頭蛇尾,0,0,2,3,0,0
祖師會,1,全體會議,0,0,1,4,0,0
祖師會,2,教友大會,0,0,1,3,0,0
祖師會,3,眾會,0,0,1,4,0,0
祖師會,4,六祖壇經講話,0,0,1,5,0,0
祖師會,5,委員會會議,0,0,1,4,0,0
祖師會,6,電機電子工程師學會,0,0,2,9,0,0
祖師會,7,文殊師利普門會,0,0,2,6,0,0
祖師會,8,歷代祖師大德,0,0,2,6,0,0
祖師會,9,非愛會苦,0,0,1,4,0,0
祖師會,10,大方廣師子吼經,0,0,1,7,0,0
祖師會,1,祖師爺,0,0,2,4,0,0
祖師會,2,八宗祖師,0,0,2,4,0,0
祖師會,3,會師,0,0,2,4,0,0
祖師會,4,文殊師利授記會,0,0,2,6,0,0
祖師會,5,座談會,0,0,2,2,0,0
祖師會,6,祖茔,0,0,1,4,0,0
祖師會,7,社會秩序,0,0,1,4,0,0
祖師會,8,非愛會苦,0,0,1,4,0,0
祖師會,9,會陰,0,0,1,4,0,0
祖師會,10,導師菩薩,0,0,1,4,0,0
佛光童軍團,1,佛光净土文教基金会,0,0,2,7,0,0
佛光童軍團,2,壽山念佛朝山團,0,0,2,7,0,0
佛光童軍團,3,香光佛,0,0,2,4,0,0
佛光童軍團,4,佛说月光童子经,0,0,3,6,0,0
佛光童軍團,5,佛光山教團,0,0,3,2,0,0
佛光童軍團,6,佛光山好苗子培養計畫,0,0,2,8,0,0
佛光童軍團,7,中巴佛光康寧醫院,0,0,2,8,0,0
佛光童軍團,8,佛說光明童子因緣經,0,0,3,8,0,0
佛光童軍團,9,佛光山春節平安燈會,0,0,2,7,0,0
佛光童軍團,10,佛光山重啟山門,0,0,2,5,0,0
佛光童軍團,1,佛光山宗史馆,0,0,2,4,0,0
佛光童軍團,2,國際佛光會青年總團,0,0,3,9,0,0
佛光童軍團,3,饮光佛,0,0,2,4,0,0
佛光童軍團,4,佛光山重啟山門,0,0,2,5,0,0
佛光童軍團,5,佛说妙慧童女经,0,0,2,6,0,0
佛光童軍團,6,佛光净土文教基金会,0,0,2,7,0,0
佛光童軍團,7,佛光茶,0,0,2,3,0,0
佛光童軍團,8,佛光大藏經·本緣藏,0,0,2,7,0,0
佛光童軍團,9,佛光山春節平安燈會,0,0,2,7,0,0
佛光童軍團,10,佛光莲花手印,0,0,2,4,0,0
佛光童軍,1,中巴佛光康宁医院,0,0,2,8,0,0
佛光童軍,2,佛光普照,0,0,2,2,0,0
佛光童軍,3,佛光小姐,0,0,2,2,0,0
佛光童軍,4,佛光祈願文,0,0,2,3,0,0
佛光童軍,5,佛光茶,0,0,2,2,0,0
佛光童軍,6,国际佛光会,0,0,2,5,0,0
佛光童軍,7,佛光道場,0,0,2,2,0,0
佛光童軍,8,饮光佛,0,0,2,3,0,0
佛光童軍,9,国际佛光会世界大会,0,0,2,9,0,0
佛光童軍,10,佛光净土文教基金会,0,0,2,7,0,0
桌長,1,長篇累牘,0,0,1,4,0,0
桌長,2,拔苗助長,0,0,1,4,0,0
桌長,3,長阿含經,0,0,1,4,0,0
桌長,4,長見識,0,0,1,3,0,0
桌長,5,長期以來,0,0,1,4,0,0
桌長,6,餐桌轉盤,0,0,1,4,0,0
桌長,7,織田信長,0,0,1,4,0,0
桌長,8,保長對應,0,0,1,3,0,0
桌長,9,小饭桌,0,0,1,3,0,0
桌長,10,長耳公,0,0,1,3,0,0
藥師三昧行法,1,方等三昧行法,0,0,4,7,0,0
藥師三昧行法,2,諸法無諍三昧法門,0,0,3,7,0,0
藥師三昧行法,3,非行非坐三昧,0,0,3,7,0,0
藥師三昧行法,4,三藏法師義淨,0,0,3,7,0,0
藥師三昧行法,5,寶王三昧念佛直指,0,0,2,8,0,0
藥師三昧行法,6,洞山良价禅师宝镜三昧,0,0,2,10,0,0
藥師三昧行法,7,藥師如來觀行儀軌法,0,0,4,8,0,0
藥師三昧行法,8,略法华三昧补助仪,0,0,3,6,0,0
藥師三昧行法,9,藥師法會,0,0,3,7,0,0
藥師三昧行法,10,佛光三昧修持法,0,0,3,6,0,0
離垢世界,1,十方無量世界,0,0,2,6,0,0
離垢世界,2,世界屋脊,0,0,2,4,0,0
離垢世界,3,國際佛光會世界大會,0,0,2,9,0,0
離垢世界,4,感动是最美的世界,0,0,2,8,0,0
離垢世界,5,东方世界,0,0,2,2,0,0
離垢世界,6,东方净琉璃世界,0,0,2,7,0,0
離垢世界,7,世界語,0,0,2,4,0,0
離垢世界,8,世界银行,0,0,2,4,0,0
離垢世界,9,世界佛教比丘尼協會,0,0,2,9,0,0
離垢世界,10,祈求世界和平活动,0,0,2,6,0,0
三昧行法,1,观普贤菩萨行法经,0,0,2,8,0,0
三昧行法,2,頭陀十二法行,0,0,2,6,0,0
三昧行法,3,法华三昧,0,0,3,4,0,0
三昧行法,4,观察诸法行经,0,0,2,5,0,0
三昧行法,5,首楞严三昧经,0,0,2,6,0,0
三昧行法,6,佛说弘道广显三昧经,0,0,2,9,0,0
三昧行法,7,寶鏡三昧,0,0,2,4,0,0
三昧行法,8,五佛顶三昧陀罗尼经,0,0,2,9,0,0
三昧行法,9,佛说慧印三昧经,0,0,2,7,0,0
三昧行法,10,千手眼大悲心呪行法,0,0,2,9,0,0
解牛,1,牛头宗,0,0,1,3,0,0
解牛,2,空解脫門,0,0,1,4,0,0
解牛,3,解铃还须系铃人,0,0,1,6,0,0
解牛,4,文解释,0,0,1,3,0,0
解牛,5,解脫身,0,0,1,2,0,0
解牛,6,去粘解縛,0,0,1,4,0,0
解牛,7,不時不移動心解脫,0,0,1,8,0,0
解牛,8,佛說解節經,0,0,1,5,0,0
解牛,9,解脱知见品,0,0,1,4,0,0
解牛,10,群牛譬经,0,0,1,3,0,0
辭舊迎新,1,教誡新學比丘行護律儀,0,0,1,10,0,0
辭舊迎新,2,新陶河,0,0,1,4,0,0
辭舊迎新,3,佛化新青年會,0,0,1,6,0,0
辭舊迎新,4,佛書解說大辭典,0,0,1,7,0,0
辭舊迎新,5,佛化新青年会,0,0,1,6,0,0
辭舊迎新,6,現代佛教人物辭典,0,0,1,8,0,0
辭舊迎新,7,随缘消旧业 更莫造新殃,0,0,1,11,0,0
辭舊迎新,8,百花齊放山河美 萬象更新大地春,0,0,1,15,0,0
辭舊迎新,9,佛說舊城喻經,0,0,1,6,0,0
辭舊迎新,10,舊翻,0,0,1,4,0,0
辭舊迎新,1,新譯華嚴經七處九會頌釋章,0,0,1,12,0,0
辭舊迎新,2,佛學大辭典,0,0,1,5,0,0
辭舊迎新,3,真善美新聞傳播獎,0,0,1,7,0,0
辭舊迎新,4,处处风光好 日日气象新,0,0,1,11,0,0
辭舊迎新,5,新噶當派,0,0,1,4,0,0
辭舊迎新,6,随缘消旧业 更莫造新殃,0,0,1,11,0,0
辭舊迎新,7,大正新脩大藏经,0,0,1,7,0,0
辭舊迎新,8,海峡两岸迎请佛螺髻发舍利供奉法会,0,0,1,16,0,0
辭舊迎新,9,新陶河,0,0,1,4,0,0
辭舊迎新,10,佛說舊城喻經,0,0,1,6,0,0
辭舊迎新,1,喜新厭舊,0,0,2,4,0,0
辭舊迎新,2,新拉,0,0,1,4,0,0
辭舊迎新,3,新密市,0,0,1,4,0,0
辭舊迎新,4,念舊,0,0,1,3,0,0
辭舊迎新,5,新田,0,0,1,4,0,0
辭舊迎新,6,新瓶裝舊酒,0,0,2,5,0,0
辭舊迎新,7,棄舊圖新,0,0,2,2,0,0
辭舊迎新,8,重新開機,0,0,1,4,0,0
辭舊迎新,9,贊辭,0,0,1,4,0,0
辭舊迎新,10,新绛县,0,0,1,4,0,0
六時觀音,1,十六觀,0,0,2,3,0,0
六時觀音,2,觀音靈感真言,0,0,2,6,0,0
六時觀音,3,觀音亭,0,0,2,4,0,0
六時觀音,4,請觀音經疏闡義鈔,0,0,2,8,0,0
六時觀音,5,佛說高王觀世音經,0,0,2,8,0,0
六時觀音,6,眼觀六路耳聽八方,0,0,2,8,0,0
六時觀音,7,觀音齋,0,0,2,4,0,0
六時觀音,8,四季安康　六時吉祥,0,0,2,9,0,0
六時觀音,9,千眼千臂觀音,0,0,2,6,0,0
六時觀音,10,觀音寺,0,0,2,4,0,0
敢與他斷更道,1,任重道远,0,0,1,6,0,0
敢與他斷更道,2,道外,0,0,1,6,0,0
敢與他斷更道,3,近地轨道,0,0,1,6,0,0
敢與他斷更道,4,道謙,0,0,1,6,0,0
敢與他斷更道,5,六道伽陀經,0,0,1,6,0,0
敢與他斷更道,6,無學道,0,0,1,6,0,0
敢與他斷更道,7,橫斷步道,0,0,2,6,0,0
敢與他斷更道,8,評斷,0,0,1,6,0,0
敢與他斷更道,9,馬祖道一禪師廣錄,0,0,1,8,0,0
敢與他斷更道,10,菩提道炬論,0,0,1,6,0,0
喪身失命,1,引火烧身,0,0,1,4,0,0
喪身失命,2,失主,0,0,1,4,0,0
喪身失命,3,半失業,0,0,1,4,0,0
喪身失命,4,自身难保,0,0,1,3,0,0
喪身失命,5,安身立命,0,0,2,2,0,0
喪身失命,6,喪失,0,0,2,3,0,0
喪身失命,7,临危授命,0,0,1,3,0,0
喪身失命,8,失效日期,0,0,1,4,0,0
喪身失命,9,歸命,0,0,1,4,0,0
喪身失命,10,解脫身,0,0,1,4,0,0
見網,1,國際網,0,0,1,3,0,0
見網,2,見惑,0,0,1,1,0,0
見網,3,找見,0,0,1,2,0,0
見網,4,召見,0,0,1,2,0,0
見網,5,立竿見影,0,0,1,4,0,0
見網,6,數位網路,0,0,1,4,0,0
見網,7,能見度,0,0,1,3,0,0
見網,8,網頁伺服器,0,0,1,5,0,0
見網,9,天愛喜見王,0,0,1,5,0,0
見網,10,見之實施,0,0,1,3,0,0
易師調教,1,宗教師,0,0,2,4,0,0
易師調教,2,執師子國,0,0,1,3,0,0
易師調教,3,教職員,0,0,1,4,0,0
易師調教,4,電教,0,0,1,4,0,0
易師調教,5,行善與教化,0,0,1,4,0,0
易師調教,6,普為乘教宗,0,0,1,4,0,0
易師調教,7,監獄教誨師,0,0,2,5,0,0
易師調教,8,大學教師,0,0,2,4,0,0
易師調教,9,教師,0,0,2,3,0,0
易師調教,10,教授善知识,0,0,1,5,0,0
眾寶觀音,1,千手千眼觀音,0,0,2,6,0,0
眾寶觀音,2,觀音廟,0,0,2,4,0,0
眾寶觀音,3,觀察眾生界,0,0,2,5,0,0
眾寶觀音,4,佛說高王觀世音經,0,0,2,8,0,0
眾寶觀音,5,請觀音經疏闡義鈔,0,0,2,8,0,0
眾寶觀音,6,觀音寺,0,0,2,4,0,0
眾寶觀音,7,大悲觀世音菩薩,0,0,2,6,0,0
眾寶觀音,8,千眼千臂觀音,0,0,2,6,0,0
眾寶觀音,9,青頸觀音,0,0,2,2,0,0
眾寶觀音,10,千手觀音造次第法儀軌,0,0,2,8,0,0
真假八願,1,四十八大願,0,0,2,4,0,0
真假八願,2,東本願寺,0,0,1,4,0,0
真假八願,3,八爪鱼,0,0,1,4,0,0
真假八願,4,成办诸事真言,0,0,1,6,0,0
真假八願,5,真理,0,0,1,3,0,0
真假八願,6,第八,0,0,1,4,0,0
真假八願,7,真假难辨,0,0,2,2,0,0
真假八願,8,弄假成真,0,0,2,3,0,0
真假八願,9,八師經,0,0,1,4,0,0
真假八願,10,真彩色,0,0,1,3,0,0
保持正念,1,正法念經,0,0,2,4,0,0
保持正念,2,金刚童子持念经,0,0,2,7,0,0
保持正念,3,修正液,0,0,1,4,0,0
保持正念,4,法念住,0,0,1,4,0,0
保持正念,5,保山地區,0,0,1,3,0,0
保持正念,6,正法念处经,0,0,2,5,0,0
保持正念,7,保福清豁,0,0,1,3,0,0
保持正念,8,大正句王經,0,0,1,5,0,0
保持正念,9,正確處理,0,0,1,4,0,0
保持正念,10,念学位,0,0,1,4,0,0
绝招当下,1,腋下,0,0,1,4,0,0
绝招当下,2,了悟当下,0,0,2,2,0,0
绝招当下,3,弥勒当来下生经,0,0,2,6,0,0
绝招当下,4,下箭頭,0,0,1,4,0,0
绝招当下,5,接下,0,0,1,4,0,0
绝招当下,6,征招,0,0,1,3,0,0
绝招当下,7,招兵买马,0,0,1,4,0,0
绝招当下,8,布下,0,0,1,4,0,0
绝招当下,9,下邳,0,0,1,4,0,0
绝招当下,10,兴灭继绝,0,0,1,4,0,0
觉照当下,1,照觉,0,0,2,4,0,0
觉照当下,2,下决心,0,0,1,4,0,0
觉照当下,3,佛在心中　道在當下,0,0,1,9,0,0
觉照当下,4,吉星高照,0,0,1,4,0,0
觉照当下,5,道无古今　悟在当下,0,0,2,9,0,0
觉照当下,6,今晚谁当家,0,0,1,5,0,0
觉照当下,7,月光遍照,0,0,1,4,0,0
觉照当下,8,照脸,0,0,1,4,0,0
觉照当下,9,接下,0,0,1,4,0,0
觉照当下,10,当头,0,0,1,4,0,0
遂得,1,怨不得,0,0,1,3,0,0
遂得,2,得獲,0,0,1,2,0,0
遂得,3,得一望十,0,0,1,4,0,0
遂得,4,夙願得償,0,0,1,4,0,0
遂得,5,数得上,0,0,1,2,0,0
遂得,6,得隴望蜀,0,0,1,4,0,0
遂得,7,信得過,0,0,1,2,0,0
遂得,8,放得下,0,0,1,2,0,0
遂得,9,得大势菩萨,0,0,1,5,0,0
遂得,10,说得过去,0,0,1,3,0,0
随缘自在,1,自由自在,0,0,2,2,0,0
随缘自在,2,觀自在菩薩,0,0,2,5,0,0
随缘自在,3,安闲自在,0,0,2,2,0,0
随缘自在,4,欢喜自在,0,0,2,2,0,0
随缘自在,5,活水人生　清凉自在,0,0,2,9,0,0
随缘自在,6,觉华定自在王如来,0,0,2,8,0,0
随缘自在,7,叶衣观自在菩萨经,0,0,2,8,0,0
随缘自在,8,随缘不变是最好的性格,0,0,2,8,0,0
随缘自在,9,安閑自在,0,0,2,2,0,0
随缘自在,10,觀自在菩薩如意輪瑜伽,0,0,2,10,0,0
慇重儀,1,重者,0,0,1,3,0,0
慇重儀,2,重修旧好,0,0,1,4,0,0
慇重儀,3,厚重,0,0,1,2,0,0
慇重儀,4,重惩,0,0,1,3,0,0
慇重儀,5,二重性,0,0,1,2,0,0
慇重儀,6,犯戒罪報輕重經,0,0,1,7,0,0
慇重儀,7,重颂,0,0,1,3,0,0
慇重儀,8,重子,0,0,1,3,0,0
慇重儀,9,莊重,0,0,1,2,0,0
慇重儀,10,受降儀式,0,0,1,3,0,0
心不妄动,1,不动心解脱,0,0,3,5,0,0
心不妄动,2,心律不齐,0,0,2,3,0,0
心不妄动,3,雷打不动,0,0,2,3,0,0
心不妄动,4,不及物动词,0,0,2,4,0,0
心不妄动,5,密集不动金刚,0,0,2,5,0,0
心不妄动,6,心有余，力不足,0,0,2,6,0,0
心不妄动,7,原封不动,0,0,2,3,0,0
心不妄动,8,不动心,0,0,3,4,0,0
心不妄动,9,动不动,0,0,2,3,0,0
心不妄动,10,怦然心动,0,0,2,3,0,0
尊號義趣,1,佛頂尊勝佛母,0,0,1,6,0,0
尊號義趣,2,樂趣,0,0,1,4,0,0
尊號義趣,3,大乘起信論義記,0,0,1,7,0,0
尊號義趣,4,興義,0,0,1,4,0,0
尊號義趣,5,講義,0,0,1,4,0,0
尊號義趣,6,雲水義診,0,0,1,3,0,0
尊號義趣,7,恐怖主義者,0,0,1,5,0,0
尊號義趣,8,解二諦義,0,0,1,4,0,0
尊號義趣,9,望文生義,0,0,1,4,0,0
尊號義趣,10,尊容,0,0,1,3,0,0
據句,1,法華文句記,0,0,1,5,0,0
據句,2,肯定句,0,0,1,3,0,0
據句,3,行為數據,0,0,1,4,0,0
據句,4,问句,0,0,1,1,0,0
據句,5,據悉,0,0,1,1,0,0
據句,6,單據,0,0,1,2,0,0
據句,7,句子成分,0,0,1,4,0,0
據句,8,章句,0,0,1,1,0,0
據句,9,曲木據位,0,0,1,4,0,0
據句,10,章句法,0,0,1,2,0,0
感障熱毒,1,巫毒,0,0,1,4,0,0
感障熱毒,2,發熱,0,0,1,4,0,0
感障熱毒,3,障碍性贫血,0,0,1,5,0,0
感障熱毒,4,分裂情感性障礙,0,0,2,7,0,0
感障熱毒,5,裂谷熱病毒,0,0,2,4,0,0
感障熱毒,6,好感,0,0,1,4,0,0
感障熱毒,7,沧桑感,0,0,1,4,0,0
感障熱毒,8,阴毒,0,0,1,4,0,0
感障熱毒,9,病耻感,0,0,1,4,0,0
感障熱毒,10,餘熱,0,0,1,4,0,0
分段生死,1,佛说分别缘生经,0,0,2,7,0,0
分段生死,2,早死早超生,0,0,2,5,0,0
分段生死,3,分子生物学,0,0,2,3,0,0
分段生死,4,生死的忧虑,0,0,2,5,0,0
分段生死,5,生荣死哀,0,0,2,4,0,0
分段生死,6,分别缘生经,0,0,2,4,0,0
分段生死,7,生死關頭,0,0,2,4,0,0
分段生死,8,千生萬死,0,0,2,3,0,0
分段生死,9,千生萬死，萬死千生,0,0,2,8,0,0
分段生死,10,千生万死，万死千生,0,0,2,8,0,0
分段生死,1,千生萬死,0,0,2,3,0,0
分段生死,2,生死有命,0,0,2,4,0,0
分段生死,3,長生不死,0,0,2,3,0,0
分段生死,4,长生不死,0,0,2,3,0,0
分段生死,5,時段分析,0,0,2,3,0,0
分段生死,6,生死關頭,0,0,2,4,0,0
分段生死,7,醉生梦死,0,0,2,3,0,0
分段生死,8,分別緣生經,0,0,2,4,0,0
分段生死,9,生死攸关,0,0,2,4,0,0
分段生死,10,生老病死,0,0,2,3,0,0
海潮音.,1,音讀,0,0,1,4,0,0
海潮音.,2,梵音海潮音佛教音乐会,0,0,3,10,0,0
海潮音.,3,南极海,0,0,1,4,0,0
海潮音.,4,中國海,0,0,1,4,0,0
海潮音.,5,海昌院,0,0,1,3,0,0
海潮音.,6,语音意识,0,0,1,4,0,0
海潮音.,7,陇海,0,0,1,4,0,0
海潮音.,8,臨海,0,0,1,4,0,0
海潮音.,9,柔佛海峡,0,0,1,4,0,0
海潮音.,10,寂静音海,0,0,2,3,0,0
海潮音 .,1,山海關區,0,0,1,5,0,0
海潮音 .,2,发音语音学,0,0,1,5,0,0
海潮音 .,3,海蚀,0,0,1,4,0,0
海潮音 .,4,前鼻音,0,0,1,4,0,0
海潮音 .,5,乡村音乐,0,0,1,4,0,0
海潮音 .,6,梵音海潮音佛教音樂會,0,0,3,10,0,0
海潮音 .,7,寂静海音,0,0,2,5,0,0
海潮音 .,8,寂靜音海,0,0,2,4,0,0
海潮音 .,9,海損,0,0,1,4,0,0
海潮音 .,10,青頸觀音,0,0,1,5,0,0
神文表白願文,1,成文法,0,0,1,5,0,0
神文表白願文,2,刘表,0,0,1,6,0,0
神文表白願文,3,文殊師利發願經,0,0,2,7,0,0
神文表白願文,4,佛光祈願文,0,0,2,6,0,0
神文表白願文,5,白腰文鳥,0,0,2,6,0,0
神文表白願文,6,白話文,0,0,2,6,0,0
神文表白願文,7,精神文明,0,0,2,6,0,0
神文表白願文,8,八十八佛大忏悔文,0,0,1,8,0,0
神文表白願文,9,金光明经文句记,0,0,1,7,0,0
神文表白願文,10,極樂願文,0,0,2,6,0,0
那羅延身願,1,妙法緊那羅王,0,0,2,6,0,0
那羅延身願,2,天竺三藏求那跋陀羅,0,0,2,9,0,0
那羅延身願,3,栴檀香身陀羅尼經,0,0,2,7,0,0
那羅延身願,4,鳩那羅塔,0,0,2,5,0,0
那羅延身願,5,佛說金身陀羅尼經,0,0,2,7,0,0
那羅延身願,6,持法緊那羅王,0,0,2,6,0,0
那羅延身願,7,羅什曼那,0,0,2,5,0,0
那羅延身願,8,那罗延,0,0,2,3,0,0
那羅延身願,9,佛說栴檀香身陀羅尼經,0,0,2,10,0,0
那羅延身願,10,那揭羅曷國,0,0,2,4,0,0
Heart sutra,1,天下聖賢仁者壽 世間凡俗禮為尊,0,0,1,15,0,0
Heart sutra,2,樂觀猶如明燈 照亮希望前程 悲觀好比毒品 腐蝕健康心靈,0,0,1,27,0,0
Heart sutra,3,迷者迷心为众色 悟时悟道是真心,0,0,1,15,0,0
Heart sutra,4,竹密不妨流水过 山高岂碍白云飞,0,0,1,15,0,0
Heart sutra,5,100 Remedies for Life (5)  Remedy lethargy with vigor.  Remedy selfishness with willingness.  Remedy habits with willpower.  Remedy bureaucracy with expediency.  Remedy hatred with compassion.  Remedy stinginess with generosity.  Remedy mundane sentiments,0,0,8,256,0,0
Heart sutra,6,春風吹大地 佛法滿人間,0,0,1,10,0,0
Heart sutra,7,您要有願心 世界無遠近 您要肯發心 人間無苦樂,0,0,1,22,0,0
Heart sutra,8,搬柴運水明祖意 洗碗掃地悟禪心,0,0,1,15,0,0
Heart sutra,9,贫僧有话要说系列 – 人间因缘的重要,0,0,1,18,0,0
Heart sutra,10,花開便見如來面 月上方知菩薩心,0,0,1,15,0,0
Heart,1,100 Remedies for Life (5)  Remedy lethargy with vigor.  Remedy selfishness with willingness.  Remedy habits with willpower.  Remedy bureaucracy with expediency.  Remedy hatred with compassion.  Remedy stinginess with generosity.  Remedy mundane sentiments,0,0,5,256,0,0
Heart,4,三界二十八天; a. 欲界六天 1. 四天王天 2. 忉利天 3. 夜摩天 4. 兜率天 5. 化乐天 6. 他化自在天 b. 色界十八天 1. 梵众天 2. 梵辅天 3. 大梵天 4.少光天 5. 无量光天 6. 光音天 7. 少净天 8. 无量净天 9. 遍净天 10. 福生天 11. 福爱天 12. 广果天 13. 无想天 14. 无烦天 15. 无热天 16. 善见天 17. 善现天 18. 色究竟天 c.无色界四天 1. 空无边处天 2. 识无边处天 3. 无所有处天 4. 非想非非想处天,0,0,1,252,0,0
Heart,5,三界二十八天; a. 欲界六天 1. 四天王天 2. 忉利天 3. 夜摩天 4. 兜率天 5. 化樂天 6. 他化自在天 b. 色界十八天 1. 梵眾天 2. 梵輔天 3. 大梵天 4.少光天 5. 無量光天 6. 光音天 7. 少淨天 8. 無量淨天 9. 遍淨天 10. 福生天 11. 福愛天 12. 廣果天 13. 無想天 14. 無煩天 15. 無熱天 16. 善見天 17. 善現天 18. 色究竟天 c.無色界四天 1. 空無邊處天 2. 識無邊處天 3. 無所有處天 4. 非想非非想處天,0,0,1,252,0,0
Heart,1,三界二十八天; a. 欲界六天 1. 四天王天 2. 忉利天 3. 夜摩天 4. 兜率天 5. 化乐天 6. 他化自在天 b. 色界十八天 1. 梵众天 2. 梵辅天 3. 大梵天 4.少光天 5. 无量光天 6. 光音天 7. 少净天 8. 无量净天 9. 遍净天 10. 福生天 11. 福爱天 12. 广果天 13. 无想天 14. 无烦天 15. 无热天 16. 善见天 17. 善现天 18. 色究竟天 c.无色界四天 1. 空无边处天 2. 识无边处天 3. 无所有处天 4. 非想非非想处天,0,0,1,252,0,0
Heart,2,三界二十八天; a. 欲界六天 1. 四天王天 2. 忉利天 3. 夜摩天 4. 兜率天 5. 化樂天 6. 他化自在天 b. 色界十八天 1. 梵眾天 2. 梵輔天 3. 大梵天 4.少光天 5. 無量光天 6. 光音天 7. 少淨天 8. 無量淨天 9. 遍淨天 10. 福生天 11. 福愛天 12. 廣果天 13. 無想天 14. 無煩天 15. 無熱天 16. 善見天 17. 善現天 18. 色究竟天 c.無色界四天 1. 空無邊處天 2. 識無邊處天 3. 無所有處天 4. 非想非非想處天,0,0,1,252,0,0
Heart,3,100 Remedies for Life (5)  Remedy lethargy with vigor.  Remedy selfishness with willingness.  Remedy habits with willpower.  Remedy bureaucracy with expediency.  Remedy hatred with compassion.  Remedy stinginess with generosity.  Remedy mundane sentiments,0,0,5,256,0,0
願生偈,1,往生淨土懺願儀,0,0,2,6,0,0
願生偈,2,生滅門,0,0,1,3,0,0
願生偈,3,学生,0,0,1,2,0,0
願生偈,4,应运而生,0,0,1,4,0,0
願生偈,5,往生禮讚偈,0,0,2,4,0,0
願生偈,6,生态友好型,0,0,1,5,0,0
願生偈,7,增生,0,0,1,2,0,0
願生偈,8,生米熟飯,0,0,1,4,0,0
願生偈,9,精神生活,0,0,1,4,0,0
願生偈,10,蓮華生,0,0,1,3,0,0
願成就文,1,文成,0,0,2,3,0,0
願成就文,2,生成文法,0,0,2,3,0,0
願成就文,3,不空成就佛,0,0,2,5,0,0
願成就文,4,成就佛,0,0,2,4,0,0
願成就文,5,成就歸於大眾,0,0,2,6,0,0
願成就文,6,众成就,0,0,2,2,0,0
願成就文,7,佛光祈願文,0,0,2,5,0,0
願成就文,8,高不成低不就,0,0,2,6,0,0
願成就文,9,天文学大成,0,0,2,5,0,0
願成就文,10,魏文成帝,0,0,2,4,0,0
成就文,1,成就歸於大眾,0,0,2,4,0,0
成就文,2,一切都可以成就,0,0,2,7,0,0
成就文,3,不成文,0,0,2,2,0,0
成就文,4,信成就,0,0,2,3,0,0
成就文,5,文成,0,0,2,3,0,0
成就文,6,不成文法,0,0,2,3,0,0
成就文,7,時成就,0,0,2,3,0,0
成就文,8,天文學大成,0,0,2,5,0,0
成就文,9,成就戒經,0,0,2,2,0,0
成就文,10,成就的祕訣―金剛經,0,0,2,7,0,0
請聖,1,西方三聖,0,0,1,4,0,0
請聖,2,聖灰節,0,0,1,3,0,0
請聖,3,聖約瑟夫,0,0,1,4,0,0
請聖,4,庆生,1,0,0,2,0,0
請聖,5,聖子,0,0,1,2,0,0
請聖,6,聖賢孔子鳥,0,0,1,5,0,0
請聖,7,聖體,0,0,1,2,0,0
請聖,8,招請,0,0,1,2,0,0
請聖,9,聖住,0,0,1,2,0,0
請聖,10,箚請,0,0,1,2,0,0
生死流轉,1,弟子死复生经,0,0,2,6,0,0
生死流轉,2,生死與奪,0,0,2,2,0,0
生死流轉,3,生死苦,0,0,2,2,0,0
生死流轉,4,了本生死經,0,0,2,5,0,0
生死流轉,5,雖死猶生,0,0,2,3,0,0
生死流轉,6,生死肉骨,0,0,2,2,0,0
生死流轉,7,生榮死哀,0,0,2,3,0,0
生死流轉,8,七生七死,0,0,2,4,0,0
生死流轉,9,轉生,0,0,2,4,0,0
生死流轉,10,起死回生,0,0,2,3,0,0
西淨,1,百年佛緣 5：道場篇,0,0,1,10,0,0
西淨,2,西方世界,0,0,1,4,0,0
西淨,3,客西馬尼花園,0,0,1,5,0,0
西淨,4,西元,0,0,1,3,0,0
西淨,5,吸睛,1,0,0,3,0,0
西淨,6,西方極樂淨土,0,0,2,6,0,0
西淨,7,西樓記,0,0,1,3,0,0
西淨,8,地西泮,0,0,1,2,0,0
西淨,9,西伯利亚,0,0,1,4,0,0
西淨,10,西齋淨土詩,0,0,2,4,0,0
方有自由自在分,1,方圆自在,0,0,3,5,0,0
方有自由自在分,2,淡泊人生　安然自在,0,0,2,9,0,0
方有自由自在分,3,观自在菩萨母陀罗尼经,0,0,2,10,0,0
方有自由自在分,4,言論自由,0,0,2,5,0,0
方有自由自在分,5,自由貿易區,0,0,2,7,0,0
方有自由自在分,6,清涼自在,0,0,2,6,0,0
方有自由自在分,7,儿孙自有儿孙福,0,0,2,6,0,0
方有自由自在分,8,千手圣观自在,0,0,2,5,0,0
方有自由自在分,9,聖觀自在菩薩功德讚,0,0,2,8,0,0
方有自由自在分,10,任運自在　我心安然,0,0,2,8,0,0
輕輕拶著,1,輕巧,0,0,1,3,0,0
輕輕拶著,2,輕重緩急,0,0,1,3,0,0
輕輕拶著,3,躺著也中槍,0,0,1,5,0,0
輕輕拶著,4,找不著,0,0,1,4,0,0
輕輕拶著,5,著眼,0,0,1,4,0,0
輕輕拶著,6,著三不著兩,0,0,1,4,0,0
輕輕拶著,7,輕易,0,0,1,3,0,0
輕輕拶著,8,輕裘,0,0,1,3,0,0
輕輕拶著,9,著急,0,0,1,4,0,0
輕輕拶著,10,原著民,0,0,1,4,0,0
七支八離,1,乌七八糟,0,0,2,3,0,0
七支八離,2,七觉支,0,0,2,3,0,0
七支八離,3,七七八八,0,0,2,2,0,0
七支八離,4,七拼八湊,0,0,2,2,0,0
七支八離,5,七老八十,0,0,2,2,0,0
七支八離,6,说七说八,0,0,2,4,0,0
七支八離,7,一九七八年,0,0,2,5,0,0
七支八離,8,七上八下,0,0,2,2,0,0
七支八離,9,十支居士八城人经,0,0,2,7,0,0
七支八離,10,橫七豎八,0,0,2,4,0,0
渾無些子相續處,1,一無是處,0,0,2,6,0,0
渾無些子相續處,2,無所有處天,0,0,2,7,0,0
渾無些子相續處,3,識無邊處地,0,0,2,6,0,0
渾無些子相續處,4,尼乾子問無我義經,0,0,2,8,0,0
渾無些子相續處,5,佛說無上處經,0,0,2,7,0,0
渾無些子相續處,6,無處不在,0,0,2,7,0,0
渾無些子相續處,7,相夫教子,0,0,2,6,0,0
渾無些子相續處,8,無處可尋,0,0,2,7,0,0
渾無些子相續處,9,無相解脫門,0,0,2,7,0,0
渾無些子相續處,10,虎父無犬子,0,0,2,7,0,0
一箭射殺一箇番將,1,本底輻射,0,0,1,8,0,0
一箭射殺一箇番將,2,射灯,0,0,1,8,0,0
一箭射殺一箇番將,3,一身汗,0,0,1,7,0,0
一箭射殺一箇番將,4,這樣一來,0,0,1,8,0,0
一箭射殺一箇番將,5,大道中流　一以贯之,0,0,1,9,0,0
一箭射殺一箇番將,6,一體兩面,0,0,1,7,0,0
一箭射殺一箇番將,7,莫衷一是,0,0,1,8,0,0
一箭射殺一箇番將,8,殺一儆百,0,0,2,8,0,0
一箭射殺一箇番將,9,大啖一番,0,0,2,8,0,0
一箭射殺一箇番將,10,一箭双雕,0,0,2,6,0,0
得出虜庭相似,1,针锋相对,0,0,1,6,0,0
得出虜庭相似,2,倾巢出动,0,0,1,6,0,0
得出虜庭相似,3,出洋相,0,0,2,6,0,0
得出虜庭相似,4,大相径庭,0,0,2,5,0,0
得出虜庭相似,5,出庭,0,0,2,6,0,0
得出虜庭相似,6,鷸蚌相爭，漁翁得利,0,0,2,9,0,0
得出虜庭相似,7,佛阿毘昙经出家相品,0,0,2,9,0,0
得出虜庭相似,8,似曾相識,0,0,2,6,0,0
得出虜庭相似,9,飛騎將軍入虜庭,0,0,2,7,0,0
得出虜庭相似,10,相得益彰,0,0,2,6,0,0
雪 竇頌到此,1,雪竇禪師,0,0,2,5,0,0
雪 竇頌到此,2,貨到付款,0,0,1,6,0,0
雪 竇頌到此,3,志不在此,0,0,1,6,0,0
雪 竇頌到此,4,雪萊,0,0,1,5,0,0
雪 竇頌到此,5,話到嘴邊,0,0,1,6,0,0
雪 竇頌到此,6,頌曇,0,0,1,6,0,0
雪 竇頌到此,7,佛教叢書 6：宗派,0,0,1,9,0,0
雪 竇頌到此,8,百年佛緣 5：道場篇,0,0,1,10,0,0
雪 竇頌到此,9,此時此刻,0,0,1,6,0,0
雪 竇頌到此,10,在此後,0,0,1,6,0,0
雪竇頌到此,1,雪崩,0,0,1,4,0,0
雪竇頌到此,2,閉門塞竇,0,0,1,5,0,0
雪竇頌到此,3,貨到付款,0,0,1,5,0,0
雪竇頌到此,4,強辯到底,0,0,1,5,0,0
雪竇頌到此,5,雪耳,0,0,1,4,0,0
雪竇頌到此,6,到达大厅,0,0,1,5,0,0
雪竇頌到此,7,了却此生,0,0,1,5,0,0
雪竇頌到此,8,雪地车,0,0,1,4,0,0
雪竇頌到此,9,聯產到組,0,0,1,5,0,0
雪竇頌到此,10,飞雪,0,0,1,5,0,0
大凡扶竪宗教,1,爱与和平宗教祈福大会,0,0,3,8,0,0
大凡扶竪宗教,2,世界宗教,0,0,2,6,0,0
大凡扶竪宗教,3,世界宗教交流,0,0,2,6,0,0
大凡扶竪宗教,4,大教,0,0,2,5,0,0
大凡扶竪宗教,5,宗教戰爭,0,0,2,6,0,0
大凡扶竪宗教,6,日本佛教大学,0,0,2,6,0,0
大凡扶竪宗教,7,非宗教,0,0,2,6,0,0
大凡扶竪宗教,8,日本佛教大藏經,0,0,2,7,0,0
大凡扶竪宗教,9,大总主教,0,0,2,5,0,0
大凡扶竪宗教,10,大慧宗杲,0,0,2,5,0,0
